Mean,Std
0.48504,0.066322
