Mean,Std
0.337472,0.00297177761991409
