RUN,Epochs,TypeMF,OutputMF,Split1,Split2,Split3,Mean,Std,MeanTime,StdTime
1,5,gbellmf,constant,0.50613,0.41074,0.53825,0.48504,0.066322,43.5164,1.1172
2,5,gbellmf,constant,0.50613,0.41074,0.53825,0.48504,0.066322,43.5099,1.1062
