Mean,Std
0.346031,0.00238767413559259
